id,email
27,John@example.com
28,William@example.com
29,James@example.com
30,Charles@example.com
31,George@example.com
32,Fran@example.com
33,Joseph@example.com
34,Thomas@example.com
35,Henry@example.com
36,Robert@example.com
37,Edward@example.com
38,Harry@example.com
39,Walter@example.com
40,Arthur@example.com
41,Fred@example.com
42,Albert@example.com
43,Samuel@example.com
44,David@example.com
45,Louis@example.com
46,Joe@example.com
47,Lonnie@example.com
48,Monroe@example.com
49,Byron@example.com
50,Edd@example.com
51,Emery@example.com
52,Grant@example.com
53,Jerome@example.com
54,Max@example.com
55,Mose@example.com
56,Steve@example.com
57,Gordon@example.com
58,Abe@example.com
59,Pete@example.com
60,Chris@example.com
61,Clark@example.com
62,Gustave@example.com
63,Orville@example.com
64,Lorenzo@example.com
65,Bruce@example.com
66,Marcus@example.com
67,Preston@example.com
68,Bob@example.com
69,Dock@example.com
70,Donald@example.com
71,Jackson@example.com
72,Ceci@example.com
73,Barney@example.com
74,Delbert@example.com
75,Edmond@example.com
76,Anderson@example.com
77,Christian@example.com
78,Glenn@example.com
79,Jefferson@example.com
80,Luke@example.com
81,Neal@example.com
82,Burt@example.com
83,Ike@example.com
84,Myron@example.com
85,Tony@example.com
86,Conrad@example.com
87,Joel@example.com
88,Matt@example.com
89,Riley@example.com
90,Vincent@example.com
91,Emory@example.com
92,Isaiah@example.com
93,Nick@example.com
94,Ezra@example.com
95,Green@example.com
96,Juan@example.com
97,Clifton@example.com
98,Lucius@example.com
99,Porter@example.com
100,Arnold@example.com
101,Bud@example.com
102,Jeremiah@example.com
103,Taylor@example.com
104,Forrest@example.com
105,Roland@example.com
106,Spencer@example.com
107,Burton@example.com
108,Don@example.com
109,Emmet@example.com
110,Gustav@example.com
111,Louie@example.com
112,Morgan@example.com
113,Ned@example.com
114,Van@example.com
115,Ambros@example.com
116,Chaunce@example.com
117,Elish@example.com
118,Ferdinan@example.com
119,Genera@example.com
120,Julia@example.com
121,Kennet@example.com
122,Mitchel@example.com
123,Allie@example.com
124,Josh@example.com
125,Judson@example.com
126,Lyman@example.com
127,Napoleon@example.com
128,Pedro@example.com
129,Berry@example.com
130,Dewitt@example.com
131,Ervin@example.com
132,Forest@example.com
133,Lynn@example.com
134,Pink@example.com
135,Ruben@example.com
136,Sanford@example.com
137,Ward@example.com
138,Douglas@example.com
139,Ole@example.com
140,Omer@example.com
141,Ulysses@example.com
142,Walker@example.com
143,Wilbert@example.com
144,Adelbert@example.com
145,Benjiman@example.com
146,Ivan@example.com
147,Jonas@example.com
148,Major@example.com
149,Abner@example.com
150,Archibald@example.com
151,Caleb@example.com
152,Clint@example.com
153,Dudley@example.com
154,Granville@example.com
155,King@example.com
156,Mary@example.com
157,Merton@example.com
158,Antoni@example.com
159,Benni@example.com
160,Carrol@example.com
161,Freema@example.com
162,Josia@example.com
163,Mil@example.com
164,Roya@example.com
165,Dick@example.com
166,Earle@example.com
167,Elza@example.com
168,Emerson@example.com
169,Fletcher@example.com
170,Judge@example.com
171,Laurence@example.com
172,Neil@example.com
173,Roger@example.com
174,Seth@example.com
175,Glen@example.com
176,Hugo@example.com
177,Jimmie@example.com
178,Johnnie@example.com
179,Washington@example.com
180,Elwood@example.com
181,Gust@example.com
182,Harmon@example.com
183,Jordan@example.com
184,Simeon@example.com
185,Wayne@example.com
186,Wilber@example.com
187,Clem@example.com
188,Evan@example.com
189,Frederic@example.com
190,Irwin@example.com
191,Junius@example.com
192,Lafayette@example.com
193,Loren@example.com
194,Madison@example.com
195,Mason@example.com
196,Orval@example.com
197,Abram@example.com
198,Aubrey@example.com
199,Elliott@example.com
200,Hans@example.com
201,Karl@example.com
202,Minor@example.com
203,Wash@example.com
204,Wilfred@example.com
205,Allan@example.com
206,Alphonse@example.com
207,Dallas@example.com
208,Dee@example.com
209,Isiah@example.com
210,Jason@example.com
211,Johnny@example.com
212,Lawson@example.com
213,Lew@example.com
214,Micheal@example.com
215,Orin@example.com
216,Addiso@example.com
217,Ca@example.com
218,Erastu@example.com
219,Francisc@example.com
220,Hard@example.com
221,Lucie@example.com
222,Randolp@example.com
223,Stewar@example.com
224,Ver@example.com
225,Wilme@example.com
226,Zac@example.com
227,Adrian@example.com
228,Alvah@example.com
229,Bertram@example.com
230,Clay@example.com
231,Ephraim@example.com
232,Fritz@example.com
233,Giles@example.com
234,Grover@example.com
235,Harris@example.com
236,Isom@example.com
237,Jesus@example.com
238,Johnie@example.com
239,Jonathan@example.com
240,Lucian@example.com
241,Malcolm@example.com
242,Merritt@example.com
243,Otho@example.com
244,Perley@example.com
245,Rolla@example.com
246,Sandy@example.com
247,Tomas@example.com
248,Wilford@example.com
249,Adolphus@example.com
250,Angus@example.com
251,Arther@example.com
252,Carlos@example.com
253,Cary@example.com
254,Cassius@example.com
255,Davis@example.com
256,Hamilton@example.com
257,Harve@example.com
258,Israel@example.com
259,Leander@example.com
260,Melville@example.com
261,Merle@example.com
262,Murray@example.com
263,Pleasant@example.com
264,Sterling@example.com
265,Steven@example.com
266,Axel@example.com
267,Boyd@example.com
268,Bryant@example.com
269,Clement@example.com
270,Erwin@example.com
271,Ezekiel@example.com
272,Foster@example.com
273,Frances@example.com
274,Geo@example.com
275,Houston@example.com
276,Issac@example.com
277,Jules@example.com
278,Larkin@example.com
279,Mat@example.com
280,Morton@example.com
281,Orlando@example.com
282,Pierce@example.com
283,Prince@example.com
284,Rollie@example.com
285,Rollin@example.com
286,Sim@example.com
287,Stuart@example.com
288,Wilburn@example.com
289,Bennett@example.com
290,Casper@example.com
291,Christ@example.com
292,Dell@example.com
293,Egbert@example.com
294,Elmo@example.com
295,Fay@example.com
296,Gabriel@example.com
297,Hector@example.com
298,Horatio@example.com
299,Lige@example.com
300,Saul@example.com
301,Smith@example.com
302,Squire@example.com
303,Tobe@example.com
304,Tommie@example.com
305,Wyatt@example.com
306,Alford@example.com
307,Alma@example.com
308,Alton@example.com
309,Andres@example.com
310,Burl@example.com
311,Cicero@example.com
312,Dean@example.com
313,Dorsey@example.com
314,Enos@example.com
315,Howell@example.com
316,Lou@example.com
317,Loyd@example.com
318,Mahlon@example.com
319,Nat@example.com
320,Omar@example.com
321,Oran@example.com
322,Parker@example.com
323,Raleigh@example.com
324,Reginald@example.com
325,Rubin@example.com
326,Seymour@example.com
327,Wm@example.com
328,Young@example.com
329,Benjamin@example.com
330,Care@example.com
331,Carlto@example.com
332,Eldridg@example.com
333,Elzi@example.com
334,Garret@example.com
335,Isha@example.com
336,Johnso@example.com
337,Larr@example.com
338,Loga@example.com
339,Merril@example.com
340,Mon@example.com
341,Ore@example.com
342,Pierr@example.com
343,Re@example.com
344,Rodne@example.com
345,Te@example.com
346,Webste@example.com
347,Wes@example.com
348,Wheele@example.com
349,Willa@example.com
350,Al@example.com
351,Aloysius@example.com
352,Alvie@example.com
353,Anna@example.com
354,Odi@example.com
355,Ole@example.com
356,Ora@example.com
357,Orle@example.com
358,Oth@example.com
359,Pres@example.com
360,Pric@example.com
361,Quinc@example.com
362,Randal@example.com
363,Ric@example.com
364,Richmon@example.com
365,Rome@example.com
366,Russe@example.com
367,Rutherfor@example.com
368,Shad@example.com
369,Shelb@example.com
370,Solo@example.com
371,Thurma@example.com
372,Tilde@example.com
373,Tro@example.com
374,Woodso@example.com
375,Wort@example.com
376,Ade@example.com
377,Alcid@example.com
378,Al@example.com
379,Algi@example.com
380,Arli@example.com
381,Bar@example.com
382,Bedfor@example.com
383,Benit@example.com
384,Bill@example.com
385,Bir@example.com
386,Bir@example.com
387,Brun@example.com
388,Burle@example.com
389,Chanc@example.com
390,Clau@example.com
391,Clif@example.com
392,Clovi@example.com
393,Conni@example.com
394,Cree@example.com
395,Delo@example.com
396,Duk@example.com
397,Ebe@example.com
398,Eliga@example.com
399,Ellio@example.com
400,Elto@example.com
401,Emmit@example.com
402,Gen@example.com
403,Golde@example.com
404,Ha@example.com
405,Hardi@example.com
406,Harma@example.com
407,Herve@example.com
408,Holli@example.com
409,Ive@example.com
410,Jenni@example.com
411,Le@example.com
412,Lindsa@example.com
413,Loni@example.com
414,Lyl@example.com
415,Ma@example.com
416,Ma@example.com
417,Mat@example.com
418,Mille@example.com
419,Orso@example.com
420,Osborn@example.com
421,Perciva@example.com
422,Plea@example.com
423,Ple@example.com
424,Rafae@example.com
425,Raou@example.com
426,Roderic@example.com
427,Ros@example.com
428,Shelto@example.com
429,Si@example.com
430,Thero@example.com
431,Tobia@example.com
432,Tone@example.com
433,Tyle@example.com
434,Vanc@example.com
435,Vivia@example.com
436,Walto@example.com
437,Wat@example.com
438,Weave@example.com
439,Wilto@example.com
440,Adol@example.com
441,Albi@example.com
442,Albio@example.com
443,Alliso@example.com
444,Alph@example.com
445,Alpheu@example.com
446,Anastaci@example.com
447,Andr@example.com
448,Anni@example.com
449,Arlingto@example.com
450,Arman@example.com
451,Asberr@example.com
452,Asbur@example.com
453,Ashe@example.com
454,Augusti@example.com
455,Authe@example.com
456,Autho@example.com
457,Ballar@example.com
458,Bla@example.com
459,Caesa@example.com
460,Candid@example.com
461,Cat@example.com
462,Clark@example.com
463,Clement@example.com
464,Coli@example.com
465,Commodor@example.com
466,Cor@example.com
467,Co@example.com
468,Cru@example.com
469,Cur@example.com
470,Damo@example.com
471,Davi@example.com
472,Delma@example.com
473,Dexte@example.com
474,Dor@example.com
475,Dos@example.com
476,Dre@example.com
477,Edso@example.com
478,Ela@example.com
479,Elih@example.com
480,Eliz@example.com
481,Elsi@example.com
482,Eri@example.com
483,Erni@example.com
484,Ethe@example.com
485,Fer@example.com
486,Frien@example.com
487,Garr@example.com
488,Gar@example.com
489,Grac@example.com
490,Gusta@example.com
491,Halli@example.com
492,Hampto@example.com
493,Harri@example.com
494,Hatti@example.com
495,Henc@example.com
496,Hillar@example.com
497,Holli@example.com
498,Holme@example.com
499,Hop@example.com
500,Hyma@example.com
501,Ishmae@example.com
502,Jarret@example.com
503,Jesse@example.com
504,Joesep@example.com
505,Juniou@example.com
506,Kir@example.com
507,Lev@example.com
508,Mervi@example.com
509,Miche@example.com
510,Milfor@example.com
511,Mitche@example.com
512,Nelli@example.com
513,Nobl@example.com
514,Obe@example.com
515,Od@example.com
516,Orre@example.com
517,Otti@example.com
518,Raf@example.com
519,Redde@example.com
520,Rees@example.com
521,Rub@example.com
522,Rub@example.com
523,Ruper@example.com
524,Salomo@example.com
525,Sammi@example.com
526,Sander@example.com
527,Soloma@example.com
528,Stac@example.com
529,Stanfor@example.com
530,Stanto@example.com
531,Tha@example.com
532,Titu@example.com
533,Trac@example.com
534,Verni@example.com
535,Wendel@example.com
536,Wilhel@example.com
537,Willia@example.com
538,Ye@example.com
539,Zek@example.com
540,A@example.com
541,Abbot@example.com
542,Agustu@example.com
543,Albertu@example.com
544,Alme@example.com
545,Alphons@example.com
546,Alvi@example.com
547,Arti@example.com
548,Arvi@example.com
549,Ashb@example.com
550,August@example.com
551,Aurthu@example.com
552,Bab@example.com
553,Baldwi@example.com
554,Barnet@example.com
555,Bartholome@example.com
556,Barto@example.com
557,Berni@example.com
558,Blain@example.com
559,Bosto@example.com
560,Bra@example.com
561,Bradfor@example.com
562,Bradle@example.com
563,Brook@example.com
564,Buc@example.com
565,Bud@example.com
566,Ceylo@example.com
567,Chalmer@example.com
568,Chesle@example.com
569,Chi@example.com
570,Cle@example.com
571,Crocket@example.com
572,Cyri@example.com
573,Dais@example.com
574,Denve@example.com
575,Do@example.com
576,Duf@example.com
577,Edi@example.com
578,Edit@example.com
579,Elic@example.com
580,Eli@example.com
581,Elig@example.com
582,Elise@example.com
583,Elro@example.com
584,El@example.com
585,Enni@example.com
586,Enriqu@example.com
587,Erasmu@example.com
588,Esa@example.com
589,Everett@example.com
590,Firma@example.com
591,Flemin@example.com
592,Flor@example.com
593,Gardne@example.com
594,Ge@example.com
595,Gorg@example.com
596,Gottlie@example.com
597,Gregori@example.com
598,Gregor@example.com
599,Gustavu@example.com
600,Halse@example.com
601,Hand@example.com
602,Hardi@example.com
603,Har@example.com
604,Hayde@example.com
605,Hay@example.com
606,Hermo@example.com
607,Hershe@example.com
608,Holl@example.com
609,Hostee@example.com
610,Hoy@example.com
611,Hudso@example.com
612,Hue@example.com
613,Humphre@example.com
614,Hun@example.com
615,Hyru@example.com
616,Irve@example.com
617,Isa@example.com
618,Iv@example.com
619,Jabe@example.com
620,Jewe@example.com
621,Jodi@example.com
622,Jud@example.com
623,Juliou@example.com
624,Justic@example.com
625,Katherin@example.com
626,Kell@example.com
627,Ki@example.com
628,Knut@example.com
629,Laver@example.com
630,Lawye@example.com
631,Layto@example.com
632,John@example.com
633,William@example.com
634,James@example.com
635,George@example.com
636,Charles@example.com
637,Fran@example.com
638,Joseph@example.com
639,Henry@example.com
640,Thomas@example.com
641,Edward@example.com
642,Robert@example.com
643,Harry@example.com
644,Walter@example.com
645,Arthur@example.com
646,Fred@example.com
647,Alber@example.com
648,Samuel@example.com
649,David@example.com
650,Louis@example.com
651,Charlie@example.com
652,Clarence@example.com
653,Richard@example.com
654,Joe@example.com
655,Andre@example.com
656,Ernest@example.com
657,Will@example.com
658,Jess@example.com
659,Oscar@example.com
660,Daniel@example.com
661,Willie@example.com
662,Benjamin@example.com
663,Sam@example.com
664,Alfred@example.com
665,Roy@example.com
666,Lewis@example.com
667,Frederick@example.com
668,Peter@example.com
669,Elmer@example.com
670,Jacob@example.com
671,Herbert@example.com
672,Carl@example.com
673,Howard@example.com
674,Tom@example.com
675,Lee@example.com
676,Ralph@example.com
677,Marti@example.com
678,Jim@example.com
679,Ea@example.com
680,Euge@example.com
681,Bert@example.com
682,Edgar@example.com
683,Herman@example.com
684,Claude@example.com
685,Michael@example.com
686,Paul@example.com
687,Ben@example.com
688,Ira@example.com
689,Harvey@example.com
690,Cheste@example.com
691,Edwi@example.com
692,Ed@example.com
693,Charley@example.com
694,Francis@example.com
695,Isaac@example.com
696,Luther@example.com
697,Lawrence@example.com
698,Oliver@example.com
699,Clyde@example.com
700,Otto@example.com
701,Hugh@example.com
702,Alexande@example.com
703,Leonard@example.com
704,Jack@example.com
705,Raymond@example.com
706,Patrick@example.com
707,Guy@example.com
708,Homer@example.com
709,Floyd@example.com
710,Theodore@example.com
711,Allen@example.com
712,August@example.com
713,Marion@example.com
714,Philip@example.com
715,Warren@example.com
716,Horace@example.com
717,Dan@example.com
718,Ray@example.com
719,Garfield@example.com
720,Stephen@example.com
721,Emil@example.com
722,Jessi@example.com
723,Milto@example.com
724,Willis@example.com
725,Calvin@example.com
726,Dave@example.com
727,Berna@example.com
728,Julius@example.com
729,Leroy@example.com
730,Sidney@example.com
731,Anthony@example.com
732,Archie@example.com
733,Perry@example.com
734,Leo@example.com
735,Leon@example.com
736,Rufus@example.com
737,Harold@example.com
738,Frankli@example.com
739,Adam@example.com
740,Alex@example.com
741,Alonzo@example.com
742,Everett@example.com
743,Clifford@example.com
744,Victor@example.com
745,Eddie@example.com
746,Alvi@example.com
747,Lev@example.com
748,Amos@example.com
749,Roscoe@example.com
750,Wesley@example.com
751,Dennis@example.com
752,Eli@example.com
753,Jerry@example.com
754,Jay@example.com
755,Hiram@example.com
756,Norman@example.com
757,Percy@example.com
758,Aaron@example.com
759,Gus@example.com
760,Mark@example.com
761,Willard@example.com
762,Moses@example.com
763,Earnes@example.com
764,Gilber@example.com
765,Jak@example.com
766,Lesli@example.com
767,Natha@example.com
768,Adolph@example.com
769,Nelson@example.com
770,Otis@example.com
771,Irvin@example.com
772,Wallace@example.com
773,Clinton@example.com
774,Lester@example.com
775,Lloyd@example.com
776,Morris@example.com
777,Abraham@example.com
778,Jess@example.com
779,Elbert@example.com
780,Phillip@example.com
781,Jasper@example.com
782,Ross@example.com
783,Noah@example.com
784,Wilbur@example.com
785,Claud@example.com
786,Cornelius@example.com
787,Mack@example.com
788,Matthew@example.com
789,Lonnie@example.com
790,Jose@example.com
791,Melvin@example.com
792,Stanley@example.com
793,Sylvester@example.com
794,Wiley@example.com
795,Simon@example.com
796,Reuben@example.com
797,Silas@example.com
798,Wilson@example.com
799,Curtis@example.com
800,Felix@example.com
801,Maurice@example.com
802,Alva@example.com
803,Elijah@example.com
804,Christopher@example.com
805,Owen@example.com
806,Austin@example.com
807,Clark@example.com
808,Max@example.com
809,@example.com
810,Emm@example.com
811,Fredr@example.com
812,Russ@example.com
813,Vir@example.com
814,Winfi@example.com
815,Mose@example.com
816,Timothy@example.com
817,Rudolph@example.com
818,Edmund@example.com
819,Harley@example.com
820,Harrison@example.com
821,Jeff@example.com
822,Orville@example.com
823,Irving@example.com
824,Andy@example.com
825,Ellis@example.com
826,Lemuel@example.com
827,Monroe@example.com
828,Anton@example.com
829,Joel@example.com
830,Manuel@example.com
831,Marvin@example.com
832,Pete@example.com
833,Vernon@example.com
834,Marshall@example.com
835,Nicholas@example.com
836,Ike@example.com
837,Mathew@example.com
838,Ora@example.com
839,Christian@example.com
840,Emery@example.com
841,Newton@example.com
842,Chri@example.com
843,Clayto@example.com
844,Pear@example.com
845,Wad@example.com
846,Augustus@example.com
847,Columbus@example.com
848,Scott@example.com
849,Bob@example.com
850,Solomon@example.com
851,Emanuel@example.com
852,Nathaniel@example.com
853,Riley@example.com
854,Sherman@example.com
855,Glenn@example.com
856,Johnnie@example.com
857,Juan@example.com
858,Marcus@example.com
859,Ollie@example.com
860,Enoch@example.com
861,Ezra@example.com
862,Mike@example.com
863,Steve@example.com
864,Ambrose@example.com
865,Arch@example.com
866,Dock@example.com
867,Hubert@example.com
868,Bill@example.com
869,Burton@example.com
870,Edmond@example.com
871,Emory@example.com
872,Luke@example.com
873,Ole@example.com
874,Elias@example.com
875,Anderson@example.com
876,Barney@example.com
877,Byron@example.com
878,Cyrus@example.com
879,Edd@example.com
880,Joshua@example.com
881,Major@example.com
882,Miles@example.com
883,Cha@example.com
884,Clifto@example.com
885,Gustav@example.com
886,Nic@example.com
887,Taylo@example.com
888,Bud@example.com
889,Jerome@example.com
890,Lucius@example.com
891,Burt@example.com
892,Ward@example.com
893,Abe@example.com
894,Hugo@example.com
895,Julian@example.com
896,Millard@example.com
897,Preston@example.com
898,Tony@example.com
899,Cecil@example.com
900,Seth@example.com
901,Bruce@example.com
902,Fletcher@example.com
903,Jeremiah@example.com
904,Grant@example.com
905,Green@example.com
906,Neal@example.com
907,Bennie@example.com
908,Conrad@example.com
909,Dee@example.com
910,Ervin@example.com
911,Gordon@example.com
912,Grover@example.com
913,Isaiah@example.com
914,Lorenzo@example.com
915,Porter@example.com
916,Van@example.com
917,Glen@example.com
918,Jefferson@example.com
919,Louie@example.com
920,Abner@example.com
921,Abram@example.com
922,Dudley@example.com
923,Lucian@example.com
924,Roland@example.com
925,Vincent@example.com
926,Wayne@example.com
927,Arnold@example.com
928,Elisha@example.com
929,Elwood@example.com
930,Karl@example.com
931,Kenneth@example.com
932,Mary@example.com
933,Matt@example.com
934,Myron@example.com
935,Pink@example.com
936,Roger@example.com
937,Wilbert@example.com
938,Donald@example.com
939,Forrest@example.com
940,Irwin@example.com
941,Jackson@example.com
942,Laurence@example.com
943,Madison@example.com
944,Sanford@example.com
945,Archibald@example.com
946,Delbert@example.com
947,Lon@example.com
948,Stewart@example.com
949,Antoni@example.com
950,Chaunce@example.com
951,Do@example.com
952,Nobl@example.com
953,Oth@example.com
954,Spence@example.com
955,Avery@example.com
956,Dallas@example.com
957,Freeman@example.com
958,Jonas@example.com
959,Lige@example.com
960,Napoleon@example.com
961,Walker@example.com
962,Zack@example.com
963,Boyd@example.com
964,Clay@example.com
965,Dewitt@example.com
966,Emmet@example.com
967,Evan@example.com
968,General@example.com
969,Isiah@example.com
970,Josiah@example.com
971,Omer@example.com
972,Perley@example.com
973,Ferdinand@example.com
974,Hans@example.com
975,Israel@example.com
976,Judson@example.com
977,Morgan@example.com
978,Waldo@example.com
979,Berry@example.com
980,Carroll@example.com
981,Clement@example.com
982,Elliott@example.com
983,Ezekiel@example.com
984,Foster@example.com
985,Gust@example.com
986,Jason@example.com
987,Josh@example.com
988,Junius@example.com
989,Loren@example.com
990,Wilfred@example.com
991,Adolphus@example.com
992,Allie@example.com
993,Benjiman@example.com
994,Christ@example.com
995,Dwight@example.com
996,Earle@example.com
997,Francisco@example.com
998,Giles@example.com
999,Granville@example.com
1000,Jonathan@example.com
1001,Lafayette@example.com
1002,Leander@example.com
1003,Lyman@example.com
1004,Lynn@example.com
1005,Ruben@example.com
1006,Dick@example.com
1007,Elvin@example.com
1008,Emerson@example.com
1009,Emile@example.com
1010,Isom@example.com
1011,Jimmie@example.com
1012,King@example.com
1013,Mitchell@example.com
1014,Orrin@example.com
1015,Pat@example.com
1016,Royal@example.com
1017,Sim@example.com
1018,Truman@example.com
1019,Washington@example.com
1020,Al@example.com
1021,Carlos@example.com
1022,Lem@example.com
1023,Milo@example.com
1024,Oren@example.com
1025,Orlando@example.com
1026,Allan@example.com
1027,Arther@example.com
1028,Caleb@example.com
1029,Cicero@example.com
1030,Clem@example.com
1031,Clint@example.com
1032,Dean@example.com
1033,Forest@example.com
1034,Gustav@example.com
1035,Harmon@example.com
1036,Ivan@example.com
1037,Jordan@example.com
1038,Ned@example.com
1039,Nels@example.com
1040,Phil@example.com
1041,Randolph@example.com
1042,Smith@example.com
1043,Tomas@example.com
1044,Turner@example.com
1045,Ulysses@example.com
1046,Vern@example.com
1047,Wilford@example.com
1048,Addison@example.com
1049,Alford@example.com
1050,Ola@example.com
1051,Rosalind@example.com
1052,Dorothea@example.com
1053,Pearlie@example.com
1054,Vicki@example.com
1055,Elva@example.com
1056,Clarice@example.com
1057,Josie@example.com
1058,Addie@example.com
1059,Fern@example.com
1060,Rena@example.com
1061,Earline@example.com
1062,Jill@example.com
1063,Kaye@example.com
1064,Cecile@example.com
1065,Jeannine@example.com
1066,Adrienne@example.com
1067,Darl@example.com
1068,Marv@example.com
1069,Marylou@example.com
1070,Terry@example.com
1071,Yolanda@example.com
1072,Margo@example.com
1073,Cleo@example.com
1074,Adele@example.com
1075,Angelina@example.com
1076,Janett@example.com
1077,Robbie@example.com
1078,Jan@example.com
1079,Lupe@example.com
1080,Francis@example.com
1081,Harriett@example.com
1082,Toni@example.com
1083,Lenore@example.com
1084,Carlene@example.com
1085,Jewell@example.com
1086,Johanna@example.com
1087,Tommie@example.com
1088,Elnora@example.com
1089,Cheryl@example.com
1090,Marilynn@example.com
1091,Alta@example.com
1092,Corinne@example.com
1093,Gale@example.com
1094,Effie@example.com
1095,Renee@example.com
1096,Lizzi@example.com
1097,Ilen@example.com
1098,Stephani@example.com
1099,Lora@example.com
1100,Sonia@example.com
1101,Virgie@example.com
1102,Dale@example.com
1103,Melva@example.com
1104,Francine@example.com
1105,Luella@example.com
1106,Merle@example.com
1107,Nola@example.com
1108,Cornelia@example.com
1109,Doreen@example.com
1110,Nell@example.com
1111,James@example.com
1112,Delia@example.com
1113,Elinor@example.com
1114,Angeline@example.com
1115,Goldie@example.com
1116,Becky@example.com
1117,Susanne@example.com
1118,Christina@example.com
1119,Denis@example.com
1120,Sandy@example.com
1121,Dona@example.com
1122,Eddie@example.com
1123,May@example.com
1124,Mollie@example.com
1125,Monica@example.com
1126,Dollie@example.com
1127,Winnie@example.com
1128,Jo@example.com
1129,Ila@example.com
1130,Eugenia@example.com
1131,Guadalupe@example.com
1132,Rosalyn@example.com
1133,Edwina@example.com
1134,Millie@example.com
1135,Noreen@example.com
1136,Elvir@example.com
1137,Nev@example.com
1138,Dolly@example.com
1139,Marietta@example.com
1140,Olive@example.com
1141,Margarita@example.com
1142,Nona@example.com
1143,Patti@example.com
1144,Louella@example.com
1145,Arl@example.com
1146,J@example.com
1147,Rosella@example.com
1148,Hope@example.com
1149,Queen@example.com
1150,Angie@example.com
1151,Wendy@example.com
1152,Corrine@example.com
1153,Jannie@example.com
1154,Wilda@example.com
1155,Adelin@example.com
1156,Freddi@example.com
1157,Alyce@example.com
1158,Therese@example.com
1159,Hannah@example.com
1160,Judie@example.com
1161,Madelyn@example.com
1162,Margery@example.com
1163,Roseann@example.com
1164,Sonya@example.com
1165,Robert@example.com
1166,Rosalee@example.com
1167,Antonia@example.com
1168,Peggie@example.com
1169,Elma@example.com
1170,Nannie@example.com
1171,Gerry@example.com
1172,Shelba@example.com
1173,Carmela@example.com
1174,Dianna@example.com
1175,Frieda@example.com
1176,Jeanine@example.com
1177,Nan@example.com
1178,Helena@example.com
1179,Annabelle@example.com
1180,Meredith@example.com
1181,Ruthann@example.com
1182,Leth@example.com
1183,Ra@example.com
1184,Melinda@example.com
1185,Odessa@example.com
1186,Jeannie@example.com
1187,Madeleine@example.com
1188,Reva@example.com
1189,Bennie@example.com
1190,Lucile@example.com
1191,Amanda@example.com
1192,Jolene@example.com
1193,Elouise@example.com
1194,Avis@example.com
1195,Roxie@example.com
1196,Eleanor@example.com
1197,Katharin@example.com
1198,Zelma@example.com
1199,Corine@example.com
1200,Leslie@example.com
1201,Aurora@example.com
1202,Lilly@example.com
1203,Freida@example.com
1204,Jayne@example.com
1205,Leila@example.com
1206,Vonda@example.com
1207,Emilie@example.com
1208,Retha@example.com
1209,Jenny@example.com
1210,Nita@example.com
1211,Flossie@example.com
1212,Georgi@example.com
1213,Mercede@example.com
1214,Carmella@example.com
1215,Dana@example.com
1216,Deanne@example.com
1217,Lucinda@example.com
1218,Lily@example.com
1219,Reta@example.com
1220,Ginger@example.com
1221,Delois@example.com
1222,Loraine@example.com
1223,Maryanne@example.com
1224,Lorena@example.com
1225,Ardith@example.com
1226,De@example.com
1227,Gret@example.com
1228,Claudine@example.com
1229,Jeraldine@example.com
1230,Ladonna@example.com
1231,Concetta@example.com
1232,Clare@example.com
1233,Jeanie@example.com
1234,Selma@example.com
1235,Lelia@example.com
1236,Toby@example.com
1237,Belva@example.com
1238,Sherrill@example.com
1239,William@example.com
1240,Eliza@example.com
1241,Elsa@example.com
1242,Maryjane@example.com
1243,Sophie@example.com
1244,Treva@example.com
1245,Annetta@example.com
1246,Darleen@example.com
1247,Isabelle@example.com
1248,Charles@example.com
1249,Lessie@example.com
1250,Roslyn@example.com
1251,Bobby@example.com
1252,Ima@example.com
1253,Iona@example.com
1254,Tina@example.com
1255,Cathy@example.com
1256,Georgianna@example.com
1257,Pansy@example.com
1258,Callie@example.com
1259,Evangeline@example.com
1260,Gearldine@example.com
1261,Maryellen@example.com
1262,Ophelia@example.com
1263,Phoebe@example.com
1264,Twila@example.com
1265,Allie@example.com
1266,George@example.com
1267,Leta@example.com
1268,Lucia@example.com
1269,Consuelo@example.com
1270,Rowena@example.com
1271,Sharlene@example.com
1272,Bertie@example.com
1273,Florine@example.com
1274,Laurie@example.com
1275,Charli@example.com
1276,Lynett@example.com
1277,Maude@example.com
1278,Sheryl@example.com
1279,Ardis@example.com
1280,Carroll@example.com
1281,Lauretta@example.com
1282,Nedra@example.com
1283,Theodora@example.com
1284,Aileen@example.com
1285,Carrol@example.com
1286,Madonna@example.com
1287,Robin@example.com
1288,Shirlene@example.com
1289,Dottie@example.com
1290,Elisabeth@example.com
1291,Matilda@example.com
1292,Shirlee@example.com
1293,Camilla@example.com
1294,Doretha@example.com
1295,Elena@example.com
1296,Trudy@example.com
1297,Vernell@example.com
1298,Winona@example.com
1299,Zelda@example.com
1300,Delphine@example.com
1301,Leota@example.com
1302,Delm@example.com
1303,Dia@example.com
1304,Este@example.com
1305,Sammi@example.com
1306,Aline@example.com
1307,Wilhelmina@example.com
1308,Alene@example.com
1309,Lorine@example.com
1310,Beryl@example.com
1311,Karla@example.com
1312,Oma@example.com
1313,Syble@example.com
1314,Vickie@example.com
1315,Diann@example.com
1316,Kitty@example.com
1317,Marlyn@example.com
1318,Patrica@example.com
1319,Harriette@example.com
1320,Margot@example.com
1321,Elise@example.com
1322,Alva@example.com
1323,Dessie@example.com
1324,Germaine@example.com
1325,Hester@example.com
1326,Jerrie@example.com
1327,Justine@example.com
1328,Leora@example.com
1329,Donnie@example.com
1330,Janelle@example.com
1331,Melissa@example.com
1332,Velda@example.com
1333,Caryl@example.com
1334,Dorene@example.com
1335,Esperanza@example.com
1336,Georgiana@example.com
1337,Gussie@example.com
1338,Marla@example.com
1339,Marylin@example.com
1340,Maudie@example.com
1341,Carolee@example.com
1342,Minerva@example.com
1343,Alt@example.com
1344,Dor@example.com
1345,R@example.com
1346,Rosa@example.com
1347,Ze@example.com
1348,Karo@example.com
1349,Juliann@example.com
1350,Dorth@example.com
1351,Celest@example.com
1352,Kari@example.com
1353,Lucreti@example.com
1354,Madg@example.com
1355,Ursul@example.com
1356,Charlee@example.com
1357,Kat@example.com
1358,Margre@example.com
1359,Patti@example.com
1360,Richar@example.com
1361,Pearlin@example.com
1362,Petr@example.com
1363,Birdi@example.com
1364,Clementin@example.com
1365,Marile@example.com
1366,Angelit@example.com
1367,Karoly@example.com
1368,Nil@example.com
1369,Alfred@example.com
1370,Edyth@example.com
1371,Merr@example.com
1372,Lou@example.com
1373,Allen@example.com
1374,Celestin@example.com
1375,Lavo@example.com
1376,Mariann@example.com
1377,Rhe@example.com
1378,Letti@example.com
1379,Ouid@example.com
1380,Paulett@example.com
1381,Shelv@example.com
1382,Barbr@example.com
1383,Carolan@example.com
1384,Felici@example.com
1385,Marg@example.com
1386,Sophi@example.com
1387,Benit@example.com
1388,Bobby@example.com
1389,Leilan@example.com
1390,Lon@example.com
1391,Myrti@example.com
1392,Vad@example.com
1393,Valeri@example.com
1394,Adelaid@example.com
1395,Marjor@example.com
1396,Rosely@example.com
1397,Isabel@example.com
1398,Carolin@example.com
1399,Iol@example.com
1400,Zon@example.com
1401,Josefin@example.com
1402,Manuel@example.com
1403,Verl@example.com
1404,Yvett@example.com
1405,Davi@example.com
1406,Elid@example.com
1407,Heathe@example.com
1408,Juan@example.com
1409,Lu@example.com
1410,Maryly@example.com
1411,Nanett@example.com
1412,Gay@example.com
1413,Libb@example.com
1414,Berni@example.com
1415,Julie@example.com
1416,@example.com
1417,Av@example.com
1418,Bert@example.com
1419,Jaunit@example.com
1420,Margaret@example.com
1421,Thed@example.com
1422,Cheri@example.com
1423,Millicen@example.com
1424,Vernic@example.com
1425,Willi@example.com
1426,Novell@example.com
1427,Cherr@example.com
1428,Cordeli@example.com
1429,Gaynel@example.com
1430,Jacqueli@example.com
1431,Jer@example.com
1432,Lan@example.com
1433,Lonni@example.com
1434,Orali@example.com
1435,Ern@example.com
1436,Helle@example.com
1437,Isabell@example.com
1438,Maurin@example.com
1439,Verd@example.com
1440,Cathlee@example.com
1441,Charlin@example.com
1442,Easte@example.com
1443,Gerti@example.com
1444,Ion@example.com
1445,Kathrin@example.com
1446,Marlee@example.com
1447,Charmain@example.com
1448,Georgett@example.com
1449,Georgin@example.com
1450,Kathery@example.com
1451,Ofeli@example.com
1452,Carlee@example.com
1453,Donal@example.com
1454,Georgen@example.com
1455,Halli@example.com
1456,Jonni@example.com
1457,Jud@example.com
1458,Lorele@example.com
1459,Ronni@example.com
1460,Vick@example.com
1461,Emogen@example.com
1462,Ernestin@example.com
1463,Crysta@example.com
1464,Michae@example.com
1465,Doming@example.com
1466,Christ@example.com
1467,Dor@example.com
1468,Franci@example.com
1469,Jan@example.com
1470,Sher@example.com
1471,Soco@example.com
1472,Adel@example.com
1473,Annmari@example.com
1474,Clet@example.com
1475,Lis@example.com
1476,Olet@example.com
1477,August@example.com
1478,Colee@example.com
1479,Jessic@example.com
1480,Kat@example.com
1481,Loyc@example.com
1482,Susann@example.com
1483,Sydne@example.com
1484,Tilli@example.com
1485,Zol@example.com
1486,Den@example.com
1487,Karlen@example.com
1488,Min@example.com
1489,On@example.com
1490,Debr@example.com
1491,Dovi@example.com
1492,Earlea@example.com
1493,Eld@example.com
1494,Gild@example.com
1495,Lavad@example.com
1496,Phyli@example.com
1497,Twyl@example.com
1498,Arti@example.com
1499,Dean@example.com
1500,Elis@example.com
1501,Laru@example.com
1502,Malind@example.com
1503,Romon@example.com
1504,Thoma@example.com
1505,Flo@example.com
1506,Jocely@example.com
1507,Laver@example.com
1508,Linni@example.com
1509,Lur@example.com
1510,Raque@example.com
1511,Sheli@example.com
1512,Daniell@example.com
1513,Eni@example.com
1514,Hortenci@example.com
1515,Iv@example.com
1516,Julian@example.com
1517,Ruby@example.com
1518,Adel@example.com
1519,Agath@example.com
1520,Colett@example.com
1521,Earth@example.com
1522,Gen@example.com
1523,Margarett@example.com
1524,Micke@example.com
1525,Rond@example.com
1526,An@example.com
1527,Carolyn@example.com
1528,Ceci@example.com
1529,Estel@example.com
1530,Floren@example.com
1531,Garne@example.com
1532,Holl@example.com
1533,Luan@example.com
1534,Mazi@example.com
1535,Roseann@example.com
1536,Venit@example.com
1537,Abbi@example.com
1538,Bill@example.com
1539,Catharin@example.com
1540,Jeanett@example.com
1541,Julie@example.com
1542,Kare@example.com
1543,Karo@example.com
1544,Marian@example.com
1545,Mart@example.com
1546,Myrtic@example.com
1547,Prudenc@example.com
1548,Alv@example.com
1549,Emi@example.com
1550,Evangel@example.com
1551,Ide@example.com
1552,Joyce@example.com
1553,Lawa@example.com
1554,Leatr@example.com
1555,Nor@example.com
1556,Ros@example.com
1557,V@example.com
1558,Alexandr@example.com
1559,Elver@example.com
1560,Maryj@example.com
1561,Willen@example.com
1562,Chlo@example.com
1563,Ev@example.com
1564,Evonn@example.com
1565,Roxann@example.com
1566,Shanno@example.com
1567,Vid@example.com
1568,Wynon@example.com
1569,Alberth@example.com
1570,Aureli@example.com
1571,Carme@example.com
1572,Glynd@example.com
1573,Le@example.com
1574,Leann@example.com
1575,Lin@example.com
1576,Lyl@example.com
1577,Nanci@example.com
1578,Tamar@example.com
1579,Vest@example.com
1580,Carmelit@example.com
1581,Carlott@example.com
1582,Cind@example.com
1583,Gayl@example.com
1584,Letiti@example.com
1585,Melvin@example.com
1586,Merlen@example.com
1587,Philomen@example.com
1588,Sidne@example.com
1589,Suzan@example.com
1590,Verlen@example.com
1591,Jackly@example.com
1592,Jami@example.com
1593,Jennife@example.com
1594,Magdalen@example.com
1595,Maxi@example.com
1596,Merily@example.com
1597,Vergi@example.com
1598,Cathry@example.com
1599,Fra@example.com
1600,Leann@example.com
1601,Pearlen@example.com
1602,Aleth@example.com
1603,Alph@example.com
1604,Ardell@example.com
1605,Billy@example.com
1606,Carm@example.com
1607,Clariss@example.com
1608,Glenni@example.com
1609,Hermini@example.com
1610,Josep@example.com
1611,Joy@example.com
1612,Magdalen@example.com
1613,Marin@example.com
1614,Martin@example.com
1615,Marve@example.com
1616,Nanc@example.com
1617,Rachae@example.com
1618,Tany@example.com
1619,Eldor@example.com
1620,Leono@example.com
1621,Michell@example.com
1622,Mitti@example.com
1623,Norin@example.com
1624,Velv@example.com
1625,Apri@example.com
1626,Coren@example.com
1627,Elois@example.com
1628,Hed@example.com
1629,Lovi@example.com
1630,Shelle@example.com
1631,Deb@example.com
1632,Leon@example.com
1633,Mela@example.com
1634,Mich@example.com
1635,N@example.com
1636,Rho@example.com
1637,Rosa@example.com
1638,Winnif@example.com
1639,Blanc@example.com
1640,Daphn@example.com
1641,Dean@example.com
1642,Jacqulin@example.com
1643,Kristi@example.com
1644,Lavern@example.com
1645,Lavin@example.com
1646,Lid@example.com
1647,Lolit@example.com
1648,Louan@example.com
1649,Marit@example.com
1650,Maroly@example.com
1651,Ruth@example.com
1652,Tressi@example.com
1653,Ardel@example.com
1654,Janin@example.com
1655,Lul@example.com
1656,Mar@example.com
1657,Ronal@example.com
1658,Rosi@example.com
1659,Shar@example.com
1660,Zo@example.com
1661,Zor@example.com
1662,Bernardin@example.com
1663,Bernit@example.com
1664,Bridge@example.com
1665,Cru@example.com
1666,Erlen@example.com
1667,Fran@example.com
1668,Georgin@example.com
1669,Jacqu@example.com
1670,Jannett@example.com
1671,Jerr@example.com
1672,Joelle@example.com
1673,Mern@example.com
1674,Abigai@example.com
1675,Arl@example.com
1676,Augustin@example.com
1677,Darlin@example.com
1678,Eleanor@example.com
1679,Heid@example.com
1680,Hortens@example.com
1681,Annama@example.com
1682,Georgett@example.com
1683,Harlen@example.com
1684,Ir@example.com
1685,Ly@example.com
1686,Vivie@example.com
1687,Claudi@example.com
1688,Dott@example.com
1689,Edwar@example.com
1690,Eleas@example.com
1691,Erlind@example.com
1692,Fann@example.com
1693,Janyc@example.com
1694,Johni@example.com
1695,Neom@example.com
1696,Simon@example.com
1697,Walte@example.com
1698,Beverle@example.com
1699,Cassi@example.com
1700,Cora@example.com
1701,Mary@example.com
1702,Barbara@example.com
1703,Patricia@example.com
1704,Judith@example.com
1705,Betty@example.com
1706,Caro@example.com
1707,Nancy@example.com
1708,Linda@example.com
1709,Shirley@example.com
1710,Sandra@example.com
1711,Margaret@example.com
1712,Dorothy@example.com
1713,Joyce@example.com
1714,Joan@example.com
1715,Carolyn@example.com
1716,Judy@example.com
1717,Sharon@example.com
1718,Helen@example.com
1719,Janet@example.com
1720,Elizabeth@example.com
1721,Virginia@example.com
1722,Janice@example.com
1723,Donna@example.com
1724,Ruth@example.com
1725,Marilyn@example.com
1726,Marth@example.com
1727,Beverly@example.com
1728,Frances@example.com
1729,Jean@example.com
1730,Gloria@example.com
1731,Doris@example.com
1732,Alice@example.com
1733,Phyllis@example.com
1734,Karen@example.com
1735,Ann@example.com
1736,Susa@example.com
1737,Lois@example.com
1738,Peggy@example.com
1739,Bonnie@example.com
1740,Kathleen@example.com
1741,Marie@example.com
1742,Brenda@example.com
1743,Norma@example.com
1744,Rose@example.com
1745,Diane@example.com
1746,Geraldine@example.com
1747,Jane@example.com
1748,Evely@example.com
1749,Carole@example.com
1750,Elaine@example.com
1751,Anna@example.com
1752,Wanda@example.com
1753,Catherine@example.com
1754,Joanne@example.com
1755,Charlotte@example.com
1756,Annie@example.com
1757,Patsy@example.com
1758,Mildred@example.com
1759,Louise@example.com
1760,Sarah@example.com
1761,Sally@example.com
1762,Sylvia@example.com
1763,Joann@example.com
1764,Marjorie@example.com
1765,Gail@example.com
1766,Rub@example.com
1767,Dolore@example.com
1768,Eleanor@example.com
1769,Loretta@example.com
1770,Rita@example.com
1771,Roberta@example.com
1772,Jo@example.com
1773,Irene@example.com
1774,Ellen@example.com
1775,Arlene@example.com
1776,Jacqueline@example.com
1777,Kay@example.com
1778,Juanita@example.com
1779,Darlen@example.com
1780,Marlene@example.com
1781,Su@example.com
1782,June@example.com
1783,Delores@example.com
1784,Anne@example.com
1785,Rosemary@example.com
1786,Edna@example.com
1787,Anita@example.com
1788,Connie@example.com
1789,Josephine@example.com
1790,Jeanette@example.com
1791,Katherine@example.com
1792,Juli@example.com
1793,Wilm@example.com
1794,Emma@example.com
1795,Lorraine@example.com
1796,Rebecca@example.com
1797,Lillian@example.com
1798,Edith@example.com
1799,Audrey@example.com
1800,Florence@example.com
1801,Thelma@example.com
1802,Theresa@example.com
1803,Kathryn@example.com
1804,Pauline@example.com
1805,Grace@example.com
1806,Ethel@example.com
1807,Laura@example.com
1808,Glend@example.com
1809,Suzanne@example.com
1810,Yvonne@example.com
1811,Clar@example.com
1812,Marcia@example.com
1813,Lucille@example.com
1814,Margi@example.com
1815,Vivian@example.com
1816,Glad@example.com
1817,Diana@example.com
1818,Christine@example.com
1819,Maria@example.com
1820,Marion@example.com
1821,Sara@example.com
1822,Bernice@example.com
1823,Hazel@example.com
1824,Constance@example.com
1825,Eileen@example.com
1826,Annette@example.com
1827,Priscilla@example.com
1828,Willi@example.com
1829,Jeanne@example.com
1830,Sheila@example.com
1831,Esthe@example.com
1832,Eva@example.com
1833,Cynthia@example.com
1834,Pat@example.com
1835,Maureen@example.com
1836,Deanna@example.com
1837,Maxin@example.com
1838,Georgia@example.com
1839,Rosalie@example.com
1840,Bertha@example.com
1841,Beatrice@example.com
1842,Marian@example.com
1843,Lillie@example.com
1844,Charlen@example.com
1845,Id@example.com
1846,Ella@example.com
1847,Bobbie@example.com
1848,Rosa@example.com
1849,Billie@example.com
1850,Myrna@example.com
1851,Elsie@example.com
1852,Alma@example.com
1853,Faye@example.com
1854,Lucy@example.com
1855,Paula@example.com
1856,Maryann@example.com
1857,Harriet@example.com
1858,Jessie@example.com
1859,Vera@example.com
1860,Joy@example.com
1861,Bess@example.com
1862,Nellie@example.com
1863,Mattie@example.com
1864,Emily@example.com
1865,Lynda@example.com
1866,Rachel@example.com
1867,Dianne@example.com
1868,Gwendolyn@example.com
1869,Minnie@example.com
1870,Agnes@example.com
1871,Dixie@example.com
1872,Caroline@example.com
1873,Rosemarie@example.com
1874,Rosie@example.com
1875,Patty@example.com
1876,Carrie@example.com
1877,Gayl@example.com
1878,Geneva@example.com
1879,Naomi@example.com
1880,Dora@example.com
1881,Julie@example.com
1882,Jeannette@example.com
1883,Leon@example.com
1884,Mae@example.com
1885,Myrtle@example.com
1886,Gertrude@example.com
1887,Shelby@example.com
1888,Velma@example.com
1889,Jackie@example.com
1890,Cora@example.com
1891,Viola@example.com
1892,Stella@example.com
1893,Lynn@example.com
1894,Claire@example.com
1895,Alberta@example.com
1896,Nina@example.com
1897,Pearl@example.com
1898,Hattie@example.com
1899,Sondra@example.com
1900,Madeline@example.com
1901,Deloris@example.com
1902,Eunice@example.com
1903,Verna@example.com
1904,Lola@example.com
1905,Johnni@example.com
1906,Claudia@example.com
1907,Sherry@example.com
1908,Marianne@example.com
1909,Nora@example.com
1910,Ramona@example.com
1911,Carmen@example.com
1912,Lula@example.com
1913,Janie@example.com
1914,Valerie@example.com
1915,Hilda@example.com
1916,Lena@example.com
1917,Violet@example.com
1918,Daisy@example.com
1919,Ernestine@example.com
1920,Marguerit@example.com
1921,Bettie@example.com
1922,Iris@example.com
1923,Fannie@example.com
1924,Irma@example.com
1925,Myra@example.com
1926,Antoinette@example.com
1927,Lynne@example.com
1928,Marsha@example.com
1929,Erma@example.com
1930,Miriam@example.com
1931,Susie@example.com
1932,Melba@example.com
1933,Bette@example.com
1934,Angela@example.com
1935,Lydia@example.com
1936,Regin@example.com
1937,Marcella@example.com
1938,Sonja@example.com
1939,Andrea@example.com
1940,Bettye@example.com
1941,Jacquelyn@example.com
1942,Victoria@example.com
1943,Flor@example.com
1944,Teres@example.com
1945,Mamie@example.com
1946,Ada@example.com
1947,Jenni@example.com
1948,Colleen@example.com
1949,Della@example.com
1950,Katie@example.com
1951,Pamela@example.com
1952,Cecilia@example.com
1953,Beulah@example.com
1954,Genevieve@example.com
1955,Betsy@example.com
1956,Kathy@example.com
1957,Ma@example.com
1958,Muriel@example.com
1959,Janis@example.com
1960,Laverne@example.com
1961,Ceceli@example.com
1962,Veronic@example.com
1963,Inez@example.com
1964,Mabel@example.com
1965,Reba@example.com
1966,Eul@example.com
1967,Olivia@example.com
1968,Henrietta@example.com
1969,Nelda@example.com
1970,Lila@example.com
1971,Sadie@example.com
1972,Jerry@example.com
1973,Opal@example.com
1974,Claudette@example.com
1975,Bonita@example.com
1976,Eloise@example.com
1977,Frankie@example.com
1978,Maggie@example.com
1979,Amelia@example.com
1980,Fay@example.com
1981,Lou@example.com
1982,Lee@example.com
1983,Penny@example.com
1984,Freda@example.com
1985,Saundra@example.com
1986,Nadin@example.com
1987,Sallie@example.com
1988,Jimmie@example.com
1989,Deborah@example.com
1990,Gretchen@example.com
1991,Mona@example.com
1992,Beth@example.com
1993,Rosetta@example.com
1994,Glenna@example.com
1995,Rochelle@example.com
1996,Blanche@example.com
1997,Sharron@example.com
1998,Lorene@example.com
1999,Penelope@example.com
2000,Carla@example.com
2001,Earnestine@example.com
2002,Helene@example.com
2003,Dawn@example.com
2004,Nettie@example.com
2005,Ina@example.com
2006,Lana@example.com
2007,Ollie@example.com
2008,Etta@example.com
2009,Gracie@example.com
2010,Essie@example.com
2011,Ora@example.com
2012,Lorna@example.com
2013,Polly@example.com
2014,Joann@example.com
2015,Lenora@example.com
2016,Vicki@example.com
2017,Dorth@example.com
2018,Ruthie@example.com
2019,Natalie@example.com
2020,Stephanie@example.com
2021,Amy@example.com
2022,Jill@example.com
2023,Gale@example.com
2024,Estelle@example.com
2025,Winifred@example.com
2026,Sandy@example.com
2027,Celia@example.com
2028,Iv@example.com
2029,Willa@example.com
2030,Faith@example.com
2031,Terry@example.com
2032,Rosalind@example.com
2033,Sybil@example.com
2034,Leah@example.com
2035,Earlene@example.com
2036,Imogene@example.com
2037,Estella@example.com
2038,Gwen@example.com
2039,Darla@example.com
2040,Kaye@example.com
2041,Earl@example.com
2042,Yolanda@example.com
2043,Beverley@example.com
2044,Dorothea@example.com
2045,Addie@example.com
2046,Pearlie@example.com
2047,Becky@example.com
2048,Molly@example.com
2049,Ola@example.com
2050,Christina@example.com
2051,Josie@example.com
2052,Lela@example.com
2053,Lupe@example.com
2054,Olga@example.com
2055,Mavis@example.com
2056,Ja@example.com
2057,Marilyn@example.com
2058,Lavonne@example.com
2059,Fern@example.com
2060,Denise@example.com
2061,Isabel@example.com
2062,Lottie@example.com
2063,Bernadine@example.com
2064,Bernadette@example.com
2065,Adele@example.com
2066,Jewel@example.com
2067,Leola@example.com
2068,Susanne@example.com
2069,Janett@example.com
2070,Francis@example.com
2071,Rhoda@example.com
2072,Jewell@example.com
2073,Renee@example.com
2074,Alicia@example.com
2075,Cecile@example.com
2076,Clarice@example.com
2077,Robbie@example.com
2078,Gay@example.com
2079,Rena@example.com
2080,Margo@example.com
2081,Harriett@example.com
2082,Melinda@example.com
2083,Dale@example.com
2084,Cleo@example.com
2085,Elva@example.com
2086,Marylou@example.com
2087,Sonia@example.com
2088,Toni@example.com
2089,Adrienne@example.com
2090,Francine@example.com
2091,Camille@example.com
2092,Marva@example.com
2093,Nel@example.com
2094,Carlene@example.com
2095,Marlys@example.com
2096,Jeannine@example.com
2097,Alta@example.com
2098,Effie@example.com
2099,Guadalupe@example.com
2100,Lizzie@example.com
2101,Melva@example.com
2102,Eddie@example.com
2103,Virgie@example.com
2104,Dianna@example.com
2105,Judie@example.com
2106,Laurel@example.com
2107,Cheryl@example.com
2108,May@example.com
2109,Monica@example.com
2110,Elinor@example.com
2111,Doreen@example.com
2112,Lora@example.com
2113,Jeannie@example.com
2114,Tommie@example.com
2115,Elnora@example.com
2116,Dolly@example.com
2117,Johanna@example.com
2118,Arleen@example.com
2119,Arline@example.com
2120,Dona@example.com
2121,Edwina@example.com
2122,Goldie@example.com
2123,Margarita@example.com
2124,Jame@example.com
2125,Nola@example.com
2126,